{
    "Insufficient_Weight": {
        "precision": 1.0,
        "recall": 0.9821428571428571,
        "f1-score": 0.990990990990991,
        "support": 56.0
    },
    "Normal_Weight": {
        "precision": 0.90625,
        "recall": 0.9354838709677419,
        "f1-score": 0.9206349206349206,
        "support": 62.0
    },
    "Obesity_Type_I": {
        "precision": 0.9868421052631579,
        "recall": 0.9615384615384616,
        "f1-score": 0.974025974025974,
        "support": 78.0
    },
    "Obesity_Type_II": {
        "precision": 0.9661016949152542,
        "recall": 0.9827586206896551,
        "f1-score": 0.9743589743589743,
        "support": 58.0
    },
    "Obesity_Type_III": {
        "precision": 0.984375,
        "recall": 1.0,
        "f1-score": 0.9921259842519685,
        "support": 63.0
    },
    "Overweight_Level_I": {
        "precision": 0.8928571428571429,
        "recall": 0.8928571428571429,
        "f1-score": 0.8928571428571429,
        "support": 56.0
    },
    "Overweight_Level_II": {
        "precision": 0.9795918367346939,
        "recall": 0.96,
        "f1-score": 0.9696969696969697,
        "support": 50.0
    },
    "accuracy": 0.9598108747044918,
    "macro avg": {
        "precision": 0.9594311113957499,
        "recall": 0.9592544218851228,
        "f1-score": 0.9592415652595631,
        "support": 423.0
    },
    "weighted avg": {
        "precision": 0.9602607549700845,
        "recall": 0.9598108747044918,
        "f1-score": 0.95993024244546,
        "support": 423.0
    }
}